book	chapter	verse	sort	greek	strong	ult	pnc
PHP	1	1	1	Παῦλος	G39720	Paul	pnc
PHP	1	1	2	δοῦλος	G14010	a-servant	pnc
PHP	1	1	3	Θεοῦ	G23160	of-God	pnc
PHP	1	1	4	δὲ	G11610	and	pnc
PHP	1	1	5	ἀπόστολος	G06520	an-apostle	pnc
PHP	1	1	6	Ἰησοῦ	G24240	of-Jesus	pnc
PHP	1	1	7	Χριστοῦ	G55470	Christ	pnc
PHP	1	1	8	κατὰ	G25960	for	pnc
PHP	1	1	9	πίστιν	G41020	the-faith	pnc
PHP	1	1	10	ἐκλεκτῶν	G15880	of	pnc
PHP	1	1	11	ἐκλεκτῶν	G15880	the-chosen-people	pnc
PHP	1	1	12	Θεοῦ	G23160	of-God	pnc
PHP	1	1	13	καὶ	G25320	and	pnc
PHP	1	1	14	ἐπίγνωσιν	G19220	knowledge	pnc
PHP	1	1	15	ἀληθείας	G02250	of	pnc
PHP	1	1	16	ἀληθείας	G02250	the-truth	pnc
PHP	1	1	17	τῆς	G35880	that	pnc
PHP	1	1	18	κατ’	G25960	agrees-with	pnc
PHP	1	1	19	εὐσέβειαν	G21500	godliness	pnc
PHP	1	2	20	ἐπ’	G19090	with	pnc
PHP	1	2	21	ἐλπίδι	G16800	the-certain-hope	pnc
PHP	1	2	22	ζωῆς	G22220	of	pnc
PHP	1	2	23	αἰωνίου	G01660	eternal	pnc
PHP	1	2	24	ζωῆς	G22220	life	pnc
PHP	1	2	25	ἣν	G37390	that	pnc
PHP	1	2	26	ὁ	G35880	the	pnc
PHP	1	2	27	ἀψευδὴς	G08930	non---lying	pnc
PHP	1	2	28	Θεὸς	G23160	God	pnc
PHP	1	2	29	ἐπηγγείλατο	G18610	promised	pnc
PHP	1	2	30	πρὸ	G42530	before	pnc
PHP	1	2	31	αἰωνίων	G01660	all-the-ages	pnc
PHP	1	2	32	χρόνων	G55500	of-time	pnc
PHP	1	3	33	δὲ	G11610	But	pnc
PHP	1	3	34	καιροῖς	G25400	at	pnc
PHP	1	3	35	καιροῖς	G25400	the	pnc
PHP	1	3	36	ἰδίοις	G23980	right	pnc
PHP	1	3	37	καιροῖς	G25400	time	pnc
PHP	1	3	38	ἐφανέρωσεν	G53190	he-revealed	pnc
PHP	1	3	39	αὐτοῦ	G08460	his	pnc
PHP	1	3	40	τὸν	G35880	vvv	pnc
PHP	1	3	41	λόγον	G30560	word	pnc
PHP	1	3	42	ἐν	G17220	by	pnc
PHP	1	3	43	κηρύγματι	G27820	the-proclamation	pnc
PHP	1	3	44	ὃ	G37390	the-one	pnc
PHP	1	3	45	ἐγὼ	G14730	I	pnc
PHP	1	3	46	ἐπιστεύθην	G41000	was-entrusted-with	pnc
PHP	1	3	47	κατ’	G25960	by	pnc
PHP	1	3	48	ἐπιταγὴν	G20030	the-command	pnc
PHP	1	3	49	τοῦ	G35880	vvv	pnc
PHP	1	3	50	Σωτῆρος	G49900	of	pnc
PHP	1	3	51	Θεοῦ	G23160	God	pnc
PHP	1	3	52	ἡμῶν	G14730	our	pnc
PHP	1	3	53	τοῦ	G35880	vvv	pnc
PHP	1	3	54	Σωτῆρος	G49900	Savior	pnc
PHP	1	4	55	Τίτῳ	G51030	To-Titus	pnc
PHP	1	4	56	τέκνῳ	G50430	a	pnc
PHP	1	4	57	γνησίῳ	G11030	true	pnc
PHP	1	4	58	τέκνῳ	G50430	son	pnc
PHP	1	4	59	κατὰ	G25960	in	pnc
PHP	1	4	60	πίστιν	G41020	a	pnc
PHP	1	4	61	κοινὴν	G28390	common	pnc
PHP	1	4	62	πίστιν	G41020	faith	pnc
PHP	1	4	63	χάρις	G54850	Grace	pnc
PHP	1	4	64	καὶ	G25320	and	pnc
PHP	1	4	65	εἰρήνη	G15150	peace	pnc
PHP	1	4	66	ἀπὸ	G05750	from	pnc
PHP	1	4	67	Θεοῦ	G23160	God	pnc
PHP	1	4	68	Πατρὸς	G39620	the-Father	pnc
PHP	1	4	69	καὶ	G25320	and	pnc
PHP	1	4	70	Χριστοῦ	G55470	Christ	pnc
PHP	1	4	71	Ἰησοῦ	G24240	Jesus	pnc
PHP	1	4	72	ἡμῶν	G14730	our	pnc
PHP	1	4	73	τοῦ	G35880	vvv	pnc
PHP	1	4	74	Σωτῆρος	G49900	Savior	pnc
PHP	1	5	75	χάριν	G54840	For	pnc
PHP	1	5	76	τούτου	G37780	this	pnc
PHP	1	5	77	χάριν	G54840	purpose	pnc
PHP	1	5	78	ἀπέλιπόν	G06200	I-left	pnc
PHP	1	5	79	σε	G47710	you	pnc
PHP	1	5	80	ἐν	G17220	in	pnc
PHP	1	5	81	Κρήτῃ	G29140	Crete	pnc
PHP	1	5	82	ἵνα	G24430	that	pnc
PHP	1	5	83	ἐπιδιορθώσῃ	G19300	you-might-set-in-order	pnc
PHP	1	5	84	τὰ	G35880	the	pnc
PHP	1	5	85	τὰ	G35880	things	pnc
PHP	1	5	86	λείποντα	G30070	not-yet-being-complete	pnc
PHP	1	5	87	καὶ	G25320	and	pnc
PHP	1	5	88	καταστήσῃς	G25250	ordain	pnc
PHP	1	5	89	πρεσβυτέρους	G42450	elders	pnc
PHP	1	5	90	κατὰ	G25960	in-every	pnc
PHP	1	5	91	πόλιν	G41720	city	pnc
PHP	1	5	92	ὡς	G56130	as	pnc
PHP	1	5	93	ἐγώ	G14730	I	pnc
PHP	1	5	94	διεταξάμην	G12990	directed	pnc
PHP	1	5	95	σοι	G47710	you	pnc
PHP	1	6	96	εἴ	G14870	if	pnc
PHP	1	6	97	τίς	G51000	anyone	pnc
PHP	1	6	98	ἐστιν	G15100	is	pnc
PHP	1	6	99	ἀνέγκλητος	G04100	blameless	pnc
PHP	1	6	100	ἀνήρ	G04350	a-husband	pnc
PHP	1	6	101	γυναικὸς	G11350	of	pnc
PHP	1	6	102	μιᾶς	G15200	one	pnc
PHP	1	6	103	γυναικὸς	G11350	wife	pnc
PHP	1	6	104	ἔχων	G21920	having	pnc
PHP	1	6	105	πιστά	G41030	faithful	pnc
PHP	1	6	106	τέκνα	G50430	children	pnc
PHP	1	6	107	μὴ	G33610	not	pnc
PHP	1	6	108	ἐν	G17220	vvv	pnc
PHP	1	6	109	κατηγορίᾳ	G27240	accused	pnc
PHP	1	6	110	ἀσωτίας	G08100	of-reckless-behavior	pnc
PHP	1	6	111	ἢ	G22280	or	pnc
PHP	1	6	112	ἀνυπότακτα	G05060	rebellion	pnc
PHP	1	7	113	γὰρ	G10630	For	pnc
PHP	1	7	114	τὸν	G35880	the	pnc
PHP	1	7	115	ἐπίσκοπον	G19850	overseer	pnc
PHP	1	7	116	δεῖ	G12100	must	pnc
PHP	1	7	117	εἶναι	G15100	be	pnc
PHP	1	7	118	ἀνέγκλητον	G04100	blameless	pnc
PHP	1	7	119	ὡς	G56130	as	pnc
PHP	1	7	120	οἰκονόμον	G36230	a-household-manager	pnc
PHP	1	7	121	Θεοῦ	G23160	of-God	pnc
PHP	1	7	122	μὴ	G33610	not	pnc
PHP	1	7	123	αὐθάδη	G08290	arrogant	pnc
PHP	1	7	124	μὴ	G33610	not	pnc
PHP	1	7	125	ὀργίλον	G37110	easily-angered	pnc
PHP	1	7	126	μὴ	G33610	not	pnc
PHP	1	7	127	πάροινον	G39430	addicted-to-wine	pnc
PHP	1	7	128	μὴ	G33610	not	pnc
PHP	1	7	129	πλήκτην	G41310	a-brawler	pnc
PHP	1	7	130	μὴ	G33610	not	pnc
PHP	1	7	131	αἰσχροκερδῆ	G01460	greedy	pnc
PHP	1	8	132	ἀλλὰ	G02350	Instead	pnc
PHP	1	8	133	φιλόξενον	G53820	he-must-be-hospitable	pnc
PHP	1	8	134	φιλάγαθον	G53580	a-friend-of-what-is-good	pnc
PHP	1	8	135	σώφρονα	G49980	sensible	pnc
PHP	1	8	136	δίκαιον	G13420	righteous	pnc
PHP	1	8	137	ὅσιον	G37410	holy	pnc
PHP	1	8	138	ἐγκρατῆ	G14680	self---controlled	pnc
PHP	1	9	139	ἀντεχόμενον	G04720	He-must-hold-tightly-to	pnc
PHP	1	9	140	τοῦ	G35880	the	pnc
PHP	1	9	141	πιστοῦ	G41030	trustworthy	pnc
PHP	1	9	142	λόγου	G30560	message	pnc
PHP	1	9	143	κατὰ	G25960	that-is-in-accordance-with	pnc
PHP	1	9	144	τὴν	G35880	the	pnc
PHP	1	9	145	διδαχὴν	G13220	teaching	pnc
PHP	1	9	146	ἵνα	G24430	so-that	pnc
PHP	1	9	147	ᾖ	G15100	he-may-be	pnc
PHP	1	9	148	δυνατὸς	G14150	able	pnc
PHP	1	9	149	καὶ	G25320	both	pnc
PHP	1	9	150	παρακαλεῖν	G38700	to-encourage-others	pnc
PHP	1	9	151	ἐν	G17220	with	pnc
PHP	1	9	152	τῇ	G35880	vvv	pnc
PHP	1	9	153	ὑγιαινούσῃ	G51980	sound	pnc
PHP	1	9	154	τῇ	G35880	vvv	pnc
PHP	1	9	155	διδασκαλίᾳ	G13190	teaching	pnc
PHP	1	9	156	καὶ	G25320	and	pnc
PHP	1	9	157	ἐλέγχειν	G16510	to-rebuke	pnc
PHP	1	9	158	τοὺς	G35880	the-ones	pnc
PHP	1	9	159	ἀντιλέγοντας	G04830	opposing	pnc
PHP	1	9	160	ἀντιλέγοντας	G04830	him	pnc
PHP	1	10	161	γὰρ	G10630	For	pnc
PHP	1	10	162	εἰσὶν	G15100	there-are	pnc
PHP	1	10	163	πολλοὶ	G41830	many	pnc
PHP	1	10	164	καὶ	G25320	vvv	pnc
PHP	1	10	165	ἀνυπότακτοι	G05060	rebellious	pnc
PHP	1	10	166	πολλοὶ	G41830	people	pnc
PHP	1	10	167	ματαιολόγοι	G31510	empty-talkers	pnc
PHP	1	10	168	καὶ	G25320	and	pnc
PHP	1	10	169	φρεναπάται	G54230	deceivers	pnc
PHP	1	10	170	μάλιστα	G31220	especially	pnc
PHP	1	10	171	οἱ	G35880	the-ones	pnc
PHP	1	10	172	ἐκ	G15370	from	pnc
PHP	1	10	173	τῆς	G35880	the	pnc
PHP	1	10	174	περιτομῆς	G40610	circumcision	pnc
PHP	1	11	175	δεῖ	G12100	It-is-necessary	pnc
PHP	1	11	176	ἐπιστομίζειν	G19930	to-stop	pnc
PHP	1	11	177	οὓς	G37390	them	pnc
PHP	1	11	178	οἵτινες	G37480	They	pnc
PHP	1	11	179	ἀνατρέπουσιν	G03960	are-upsetting	pnc
PHP	1	11	180	ὅλους	G36500	whole	pnc
PHP	1	11	181	οἴκους	G36240	households	pnc
PHP	1	11	182	διδάσκοντες	G13210	teaching	pnc
PHP	1	11	183	ἃ	G37390	what	pnc
PHP	1	11	184	δεῖ	G12100	they-should	pnc
PHP	1	11	185	μὴ	G33610	not	pnc
PHP	1	11	186	χάριν	G54840	for-the-sake-of	pnc
PHP	1	11	187	αἰσχροῦ	G01500	shameful	pnc
PHP	1	11	188	κέρδους	G27710	profit	pnc
PHP	1	12	189	τις	G51000	One	pnc
PHP	1	12	190	ἐξ	G15370	of	pnc
PHP	1	12	191	αὐτῶν	G08460	them	pnc
PHP	1	12	192	προφήτης	G43960	of	pnc
PHP	1	12	193	αὐτῶν	G08460	their	pnc
PHP	1	12	194	ἴδιος	G23980	own	pnc
PHP	1	12	195	προφήτης	G43960	prophets	pnc
PHP	1	12	196	εἶπέν	G30040	has-said	pnc
PHP	1	12	197	Κρῆτες	G29120	Cretans	pnc
PHP	1	12	198	ψεῦσται	G55830	are	pnc
PHP	1	12	199	ἀεὶ	G01040	always	pnc
PHP	1	12	200	ψεῦσται	G55830	liars	pnc
PHP	1	12	201	κακὰ	G25560	evil	pnc
PHP	1	12	202	θηρία	G23420	beasts	pnc
PHP	1	12	203	ἀργαί	G06920	lazy	pnc
PHP	1	12	204	γαστέρες	G10640	bellies	pnc
PHP	1	13	205	αὕτη	G37780	This	pnc
PHP	1	13	206	ἡ	G35880	vvv	pnc
PHP	1	13	207	μαρτυρία	G31410	testimony	pnc
PHP	1	13	208	ἐστὶν	G15100	is	pnc
PHP	1	13	209	ἀληθής	G02270	true	pnc
PHP	1	13	210	δι’	G12230	For	pnc
PHP	1	13	211	ἣν	G37390	this	pnc
PHP	1	13	212	αἰτίαν	G01560	reason	pnc
PHP	1	13	213	ἔλεγχε	G16510	rebuke	pnc
PHP	1	13	214	αὐτοὺς	G08460	them	pnc
PHP	1	13	215	ἀποτόμως	G06640	severely	pnc
PHP	1	13	216	ἵνα	G24430	so-that	pnc
PHP	1	13	217	ὑγιαίνωσιν	G51980	they-may-be-sound	pnc
PHP	1	13	218	ἐν	G17220	in	pnc
PHP	1	13	219	τῇ	G35880	the	pnc
PHP	1	13	220	πίστει	G41020	faith	pnc
PHP	1	14	221	μὴ	G33610	not	pnc
PHP	1	14	222	προσέχοντες	G43370	paying-any-attention-to	pnc
PHP	1	14	223	Ἰουδαϊκοῖς	G24510	Jewish	pnc
PHP	1	14	224	μύθοις	G34540	myths	pnc
PHP	1	14	225	καὶ	G25320	or	pnc
PHP	1	14	226	ἐντολαῖς	G17850	to-commands	pnc
PHP	1	14	227	ἀνθρώπων	G04440	of-people	pnc
PHP	1	14	228	ἀποστρεφομένων	G06540	turning-away-from	pnc
PHP	1	14	229	τὴν	G35880	the	pnc
PHP	1	14	230	ἀλήθειαν	G02250	truth	pnc
PHP	1	15	231	πάντα	G39560	All	pnc
PHP	1	15	232	πάντα	G39560	things	pnc
PHP	1	15	233	καθαρὰ	G25130	are-}-pure	pnc
PHP	1	15	234	τοῖς	G35880	to-the-ones	pnc
PHP	1	15	235	τοῖς	G35880	who-are	pnc
PHP	1	15	236	καθαροῖς	G25130	pure	pnc
PHP	1	15	237	δὲ	G11610	But	pnc
PHP	1	15	238	τοῖς	G35880	to-the-ones	pnc
PHP	1	15	239	μεμιαμμένοις	G33920	having-been-corrupted	pnc
PHP	1	15	240	καὶ	G25320	and	pnc
PHP	1	15	241	ἀπίστοις	G05710	unbelieving	pnc
PHP	1	15	242	οὐδὲν	G37620	nothing	pnc
PHP	1	15	243	καθαρόν	G25130	is-}-pure	pnc
PHP	1	15	244	ἀλλὰ	G02350	but	pnc
PHP	1	15	245	καὶ	G25320	both	pnc
PHP	1	15	246	αὐτῶν	G08460	their	pnc
PHP	1	15	247	ὁ	G35880	vvv	pnc
PHP	1	15	248	νοῦς	G35630	minds	pnc
PHP	1	15	249	καὶ	G25320	and	pnc
PHP	1	15	250	ἡ	G35880	vvv	pnc
PHP	1	15	251	συνείδησις	G48930	consciences	pnc
PHP	1	15	252	μεμίανται	G33920	have-been-corrupted	pnc
PHP	1	16	253	ὁμολογοῦσιν	G36700	They-profess	pnc
PHP	1	16	254	εἰδέναι	G14920	to-know	pnc
PHP	1	16	255	Θεὸν	G23160	God	pnc
PHP	1	16	256	δὲ	G11610	but	pnc
PHP	1	16	257	ἀρνοῦνται	G07200	they-deny	pnc
PHP	1	16	258	ἀρνοῦνται	G07200	him	pnc
PHP	1	16	259	ἔργοις	G20410	by	pnc
PHP	1	16	260	τοῖς	G35880	their	pnc
PHP	1	16	261	ἔργοις	G20410	actions	pnc
PHP	1	16	262	ὄντες	G15100	being	pnc
PHP	1	16	263	βδελυκτοὶ	G09470	detestable	pnc
PHP	1	16	264	καὶ	G25320	and	pnc
PHP	1	16	265	ἀπειθεῖς	G05450	disobedient	pnc
PHP	1	16	266	καὶ	G25320	and	pnc
PHP	1	16	267	ἀδόκιμοι	G00960	unfit	pnc
PHP	1	16	268	πρὸς	G43140	for	pnc
PHP	1	16	269	πᾶν	G39560	any	pnc
PHP	1	16	270	ἀγαθὸν	G00180	good	pnc
PHP	1	16	271	ἔργον	G20410	work	pnc
PHP	2	1	272	δὲ	G11610	But	pnc
PHP	2	1	273	σὺ	G47710	you	pnc
PHP	2	1	274	λάλει	G29800	speak	pnc
PHP	2	1	275	ἃ	G37390	what	pnc
PHP	2	1	276	πρέπει	G42410	fits	pnc
PHP	2	1	277	τῇ	G35880	vvv	pnc
PHP	2	1	278	διδασκαλίᾳ	G13190	with	pnc
PHP	2	1	279	ὑγιαινούσῃ	G51980	sound	pnc
PHP	2	1	280	τῇ	G35880	vvv	pnc
PHP	2	1	281	διδασκαλίᾳ	G13190	teaching	pnc
PHP	2	2	282	πρεσβύτας	G42460	Older-men	pnc
PHP	2	2	283	εἶναι	G15100	to-be	pnc
PHP	2	2	284	νηφαλίους	G35240	temperate	pnc
PHP	2	2	285	σεμνούς	G45860	dignified	pnc
PHP	2	2	286	σώφρονας	G49980	sensible	pnc
PHP	2	2	287	ὑγιαίνοντας	G51980	sound	pnc
PHP	2	2	288	τῇ	G35880	vvv	pnc
PHP	2	2	289	πίστει	G41020	in-faith	pnc
PHP	2	2	290	τῇ	G35880	vvv	pnc
PHP	2	2	291	ἀγάπῃ	G00260	in-love	pnc
PHP	2	2	292	τῇ	G35880	vvv	pnc
PHP	2	2	293	ὑπομονῇ	G52810	and-}-in-perseverance	pnc
PHP	2	3	294	πρεσβύτιδας	G42470	Older-women	pnc
PHP	2	3	295	ὡσαύτως	G56150	likewise	pnc
PHP	2	3	296	ἱεροπρεπεῖς	G24120	reverent	pnc
PHP	2	3	297	ἐν	G17220	in	pnc
PHP	2	3	298	καταστήματι	G26880	behavior	pnc
PHP	2	3	299	μὴ	G33610	not	pnc
PHP	2	3	300	διαβόλους	G12280	slanderers	pnc
PHP	2	3	301	μηδὲ	G33660	and-not	pnc
PHP	2	3	302	δεδουλωμένας	G14020	enslaved	pnc
PHP	2	3	303	οἴνῳ	G36310	to	pnc
PHP	2	3	304	πολλῷ	G41830	much	pnc
PHP	2	3	305	οἴνῳ	G36310	wine	pnc
PHP	2	3	306	καλοδιδασκάλους	G25670	teachers-of-what-is-good	pnc
PHP	2	4	307	ἵνα	G24430	so-that	pnc
PHP	2	4	308	σωφρονίζωσι	G49940	they-may-train	pnc
PHP	2	4	309	τὰς	G35880	the	pnc
PHP	2	4	310	νέας	G35010	younger-women	pnc
PHP	2	4	311	εἶναι	G15100	to-be	pnc
PHP	2	4	312	φιλάνδρους	G53620	lovers-of-their-husbands	pnc
PHP	2	4	313	φιλοτέκνους	G53880	lovers-of-their-children	pnc
PHP	2	5	314	σώφρονας	G49980	sensible	pnc
PHP	2	5	315	ἁγνάς	G00530	pure	pnc
PHP	2	5	316	ἀγαθάς	G00180	good	pnc
PHP	2	5	317	οἰκουργούς	G36260	housekeepers	pnc
PHP	2	5	318	ὑποτασσομένας	G52930	and-}-subject	pnc
PHP	2	5	319	τοῖς	G35880	vvv	pnc
PHP	2	5	320	ἀνδράσιν	G04350	to-their	pnc
PHP	2	5	321	ἰδίοις	G23980	own	pnc
PHP	2	5	322	τοῖς	G35880	vvv	pnc
PHP	2	5	323	ἀνδράσιν	G04350	husbands	pnc
PHP	2	5	324	ἵνα	G24430	so-that	pnc
PHP	2	5	325	ὁ	G35880	the	pnc
PHP	2	5	326	λόγος	G30560	word	pnc
PHP	2	5	327	τοῦ	G35880	vvv	pnc
PHP	2	5	328	Θεοῦ	G23160	of-God	pnc
PHP	2	5	329	βλασφημῆται	G09870	may	pnc
PHP	2	5	330	μὴ	G33610	not	pnc
PHP	2	5	331	βλασφημῆται	G09870	be-insulted	pnc
PHP	2	6	332	ὡσαύτως	G56150	In-the-same-way	pnc
PHP	2	6	333	παρακάλει	G38700	exhort	pnc
PHP	2	6	334	τοὺς	G35880	the	pnc
PHP	2	6	335	νεωτέρους	G35125	younger-men	pnc
PHP	2	6	336	σωφρονεῖν	G49930	to-be-sensible	pnc
PHP	2	7	337	περὶ	G40120	In	pnc
PHP	2	7	338	πάντα	G39560	everything	pnc
PHP	2	7	339	παρεχόμενος	G39300	present	pnc
PHP	2	7	340	σεαυτὸν	G45720	yourself	pnc
PHP	2	7	341	παρεχόμενος	G39300	as	pnc
PHP	2	7	342	τύπον	G51790	an-example	pnc
PHP	2	7	343	ἔργων	G20410	of	pnc
PHP	2	7	344	καλῶν	G25700	good	pnc
PHP	2	7	345	ἔργων	G20410	works	pnc
PHP	2	7	346	ἐν	G17220	In	pnc
PHP	2	7	347	τῇ	G35880	the	pnc
PHP	2	7	348	διδασκαλίᾳ	G13190	teaching	pnc
PHP	2	7	349	ἀφθορίαν	G08627	incorruption	pnc
PHP	2	7	350	σεμνότητα	G45870	dignity	pnc
PHP	2	8	351	λόγον	G30560	with-}-a	pnc
PHP	2	8	352	ὑγιῆ	G51990	sound	pnc
PHP	2	8	353	λόγον	G30560	message	pnc
PHP	2	8	354	ἀκατάγνωστον	G01760	that-is-}-above-criticism	pnc
PHP	2	8	355	ἵνα	G24430	so-that	pnc
PHP	2	8	356	ὁ	G35880	the	pnc
PHP	2	8	357	ἐξ	G15370	vvv	pnc
PHP	2	8	358	ἐναντίας	G17270	opponent	pnc
PHP	2	8	359	ἐντραπῇ	G17880	may-be-ashamed	pnc
PHP	2	8	360	ἔχων	G21920	having	pnc
PHP	2	8	361	μηδὲν	G33670	nothing	pnc
PHP	2	8	362	φαῦλον	G53370	bad	pnc
PHP	2	8	363	λέγειν	G30040	to-say	pnc
PHP	2	8	364	περὶ	G40120	about	pnc
PHP	2	8	365	ἡμῶν	G14730	us	pnc
PHP	2	9	366	δούλους	G14010	Slaves	pnc
PHP	2	9	367	ὑποτάσσεσθαι	G52930	to-be-subject-to	pnc
PHP	2	9	368	ἰδίοις	G23980	their-own	pnc
PHP	2	9	369	δεσπόταις	G12030	masters	pnc
PHP	2	9	370	ἐν	G17220	in	pnc
PHP	2	9	371	πᾶσιν	G39560	everything	pnc
PHP	2	9	372	εἶναι	G15100	to-be	pnc
PHP	2	9	373	εὐαρέστους	G21010	pleasing	pnc
PHP	2	9	374	μὴ	G33610	not	pnc
PHP	2	9	375	ἀντιλέγοντας	G04830	to-argue	pnc
PHP	2	10	376	μὴ	G33610	not	pnc
PHP	2	10	377	νοσφιζομένους	G35570	to-steal	pnc
PHP	2	10	378	ἀλλὰ	G02350	but	pnc
PHP	2	10	379	ἐνδεικνυμένους	G17310	to-demonstrate	pnc
PHP	2	10	380	πᾶσαν	G39560	all	pnc
PHP	2	10	381	ἀγαθήν	G00180	good	pnc
PHP	2	10	382	πίστιν	G41020	faith	pnc
PHP	2	10	383	ἵνα	G24430	so-that	pnc
PHP	2	10	384	ἐν	G17220	in	pnc
PHP	2	10	385	πᾶσιν	G39560	every-way	pnc
PHP	2	10	386	κοσμῶσιν	G28850	they-may-show-the-beauty	pnc
PHP	2	10	387	τὴν	G35880	of-the	pnc
PHP	2	10	388	διδασκαλίαν	G13190	teaching	pnc
PHP	2	10	389	τὴν	G35880	that	pnc
PHP	2	10	390	τὴν	G35880	is	pnc
PHP	2	10	391	τοῦ	G35880	about	pnc
PHP	2	10	392	Θεοῦ	G23160	God	pnc
PHP	2	10	393	ἡμῶν	G14730	our	pnc
PHP	2	10	394	Σωτῆρος	G49900	Savior	pnc
PHP	2	11	395	γὰρ	G10630	For	pnc
PHP	2	11	396	ἡ	G35880	the	pnc
PHP	2	11	397	χάρις	G54850	grace	pnc
PHP	2	11	398	τοῦ	G35880	vvv	pnc
PHP	2	11	399	Θεοῦ	G23160	of-God	pnc
PHP	2	11	400	ἐπεφάνη	G20140	has-appeared	pnc
PHP	2	11	401	σωτήριος	G49920	salvific	pnc
PHP	2	11	402	πᾶσιν	G39560	for-all	pnc
PHP	2	11	403	ἀνθρώποις	G04440	men	pnc
PHP	2	12	404	παιδεύουσα	G38110	training	pnc
PHP	2	12	405	ἡμᾶς	G14730	us	pnc
PHP	2	12	406	ἵνα	G24430	so-that	pnc
PHP	2	12	407	ἀρνησάμενοι	G07200	rejecting	pnc
PHP	2	12	408	τὴν	G35880	vvv	pnc
PHP	2	12	409	ἀσέβειαν	G07630	godlessness	pnc
PHP	2	12	410	καὶ	G25320	and	pnc
PHP	2	12	411	τὰς	G35880	vvv	pnc
PHP	2	12	412	κοσμικὰς	G28860	worldly	pnc
PHP	2	12	413	ἐπιθυμίας	G19390	passions	pnc
PHP	2	12	414	ζήσωμεν	G21980	we-might-live	pnc
PHP	2	12	415	σωφρόνως	G49960	in-a-sensible	pnc
PHP	2	12	416	καὶ	G25320	and	pnc
PHP	2	12	417	δικαίως	G13460	righteous	pnc
PHP	2	12	418	καὶ	G25320	and	pnc
PHP	2	12	419	εὐσεβῶς	G21530	godly-way	pnc
PHP	2	12	420	ἐν	G17220	in	pnc
PHP	2	12	421	τῷ	G35880	the	pnc
PHP	2	12	422	νῦν	G35680	present	pnc
PHP	2	12	423	αἰῶνι	G01650	age	pnc
PHP	2	13	424	προσδεχόμενοι	G43270	while-we-look-forward-to-receiving	pnc
PHP	2	13	425	τὴν	G35880	the	pnc
PHP	2	13	426	μακαρίαν	G31070	blessed	pnc
PHP	2	13	427	ἐλπίδα	G16800	hope	pnc
PHP	2	13	428	καὶ	G25320	and	pnc
PHP	2	13	429	ἐπιφάνειαν	G20150	appearing	pnc
PHP	2	13	430	τῆς	G35880	vvv	pnc
PHP	2	13	431	δόξης	G13910	of-the-glory	pnc
PHP	2	13	432	τοῦ	G35880	vvv	pnc
PHP	2	13	433	Θεοῦ	G23160	of	pnc
PHP	2	13	434	ἡμῶν	G14730	our	pnc
PHP	2	13	435	μεγάλου	G31730	great	pnc
PHP	2	13	436	τοῦ	G35880	vvv	pnc
PHP	2	13	437	Θεοῦ	G23160	God	pnc
PHP	2	13	438	καὶ	G25320	and	pnc
PHP	2	13	439	Σωτῆρος	G49900	Savior	pnc
PHP	2	13	440	Ἰησοῦ	G24240	Jesus	pnc
PHP	2	13	441	Χριστοῦ	G55470	Christ	pnc
PHP	2	14	442	ὃς	G37390	He	pnc
PHP	2	14	443	ἔδωκεν	G13250	gave	pnc
PHP	2	14	444	ἑαυτὸν	G14380	himself	pnc
PHP	2	14	445	ὑπὲρ	G52280	for	pnc
PHP	2	14	446	ἡμῶν	G14730	us	pnc
PHP	2	14	447	ἵνα	G24430	in-order	pnc
PHP	2	14	448	λυτρώσηται	G30840	to-redeem	pnc
PHP	2	14	449	ἡμᾶς	G14730	us	pnc
PHP	2	14	450	ἀπὸ	G05750	from	pnc
PHP	2	14	451	πάσης	G39560	all	pnc
PHP	2	14	452	ἀνομίας	G04580	lawlessness	pnc
PHP	2	14	453	καὶ	G25320	and	pnc
PHP	2	14	454	καθαρίσῃ	G25110	to-purify	pnc
PHP	2	14	455	ἑαυτῷ	G14380	for-himself	pnc
PHP	2	14	456	λαὸν	G29920	a	pnc
PHP	2	14	457	περιούσιον	G40410	chosen	pnc
PHP	2	14	458	λαὸν	G29920	people	pnc
PHP	2	14	459	ζηλωτὴν	G22070	zealous	pnc
PHP	2	14	460	ἔργων	G20410	for	pnc
PHP	2	14	461	καλῶν	G25700	good	pnc
PHP	2	14	462	ἔργων	G20410	works	pnc
PHP	2	15	463	λάλει	G29800	Speak	pnc
PHP	2	15	464	ταῦτα	G37780	of-these	pnc
PHP	2	15	465	ταῦτα	G37780	things	pnc
PHP	2	15	466	καὶ	G25320	and	pnc
PHP	2	15	467	παρακάλει	G38700	exhort	pnc
PHP	2	15	468	καὶ	G25320	and	pnc
PHP	2	15	469	ἔλεγχε	G16510	rebuke	pnc
PHP	2	15	470	μετὰ	G33260	with	pnc
PHP	2	15	471	πάσης	G39560	all	pnc
PHP	2	15	472	ἐπιταγῆς	G20030	authority	pnc
PHP	2	15	473	περιφρονείτω	G40650	Let	pnc
PHP	2	15	474	μηδείς	G33670	no-one	pnc
PHP	2	15	475	περιφρονείτω	G40650	disregard	pnc
PHP	2	15	476	σου	G47710	you	pnc
PHP	3	1	477	ὑπομίμνῃσκε	G52790	Remind	pnc
PHP	3	1	478	αὐτοὺς	G08460	them	pnc
PHP	3	1	479	ὑποτάσσεσθαι	G52930	to-submit	pnc
PHP	3	1	480	ἀρχαῖς	G07460	to-rulers	pnc
PHP	3	1	481	ἐξουσίαις	G18490	and-}-authorities	pnc
PHP	3	1	482	πειθαρχεῖν	G39800	to-obey	pnc
PHP	3	1	483	πειθαρχεῖν	G39800	them	pnc
PHP	3	1	484	εἶναι	G15100	to-be	pnc
PHP	3	1	485	ἑτοίμους	G20920	ready	pnc
PHP	3	1	486	πρὸς	G43140	for	pnc
PHP	3	1	487	πᾶν	G39560	every	pnc
PHP	3	1	488	ἀγαθὸν	G00180	good	pnc
PHP	3	1	489	ἔργον	G20410	work	pnc
PHP	3	2	490	βλασφημεῖν	G09870	to-revile	pnc
PHP	3	2	491	μηδένα	G33670	no-one	pnc
PHP	3	2	492	εἶναι	G15100	to-be	pnc
PHP	3	2	493	ἀμάχους	G02690	uncontentious	pnc
PHP	3	2	494	ἐπιεικεῖς	G19330	gentle	pnc
PHP	3	2	495	ἐνδεικνυμένους	G17310	showing	pnc
PHP	3	2	496	πᾶσαν	G39560	all	pnc
PHP	3	2	497	πραΰτητα	G42400	humility	pnc
PHP	3	2	498	πρὸς	G43140	toward	pnc
PHP	3	2	499	πάντας	G39560	all	pnc
PHP	3	2	500	ἀνθρώπους	G04440	men	pnc
PHP	3	3	501	γάρ	G10630	For	pnc
PHP	3	3	502	ποτε	G42180	once	pnc
PHP	3	3	503	ἡμεῖς	G14730	we	pnc
PHP	3	3	504	καὶ	G25320	also	pnc
PHP	3	3	505	ἦμεν	G15100	were	pnc
PHP	3	3	506	ἀνόητοι	G04530	foolish	pnc
PHP	3	3	507	ἀπειθεῖς	G05450	and-}-disobedient	pnc
PHP	3	3	508	πλανώμενοι	G41050	We-were-led-astray	pnc
PHP	3	3	509	δουλεύοντες	G13980	enslaved	pnc
PHP	3	3	510	ἡδοναῖς	G22370	by	pnc
PHP	3	3	511	ποικίλαις	G41640	various	pnc
PHP	3	3	512	ἐπιθυμίαις	G19390	passions	pnc
PHP	3	3	513	καὶ	G25320	and	pnc
PHP	3	3	514	ἡδοναῖς	G22370	pleasures	pnc
PHP	3	3	515	διάγοντες	G12360	We-lived	pnc
PHP	3	3	516	ἐν	G17220	in	pnc
PHP	3	3	517	κακίᾳ	G25490	evil	pnc
PHP	3	3	518	καὶ	G25320	and	pnc
PHP	3	3	519	φθόνῳ	G53550	envy	pnc
PHP	3	3	520	στυγητοί	G47670	detestable	pnc
PHP	3	3	521	μισοῦντες	G34040	hating	pnc
PHP	3	3	522	ἀλλήλους	G02400	one-another	pnc
PHP	3	4	523	δὲ	G11610	But	pnc
PHP	3	4	524	ὅτε	G37530	when	pnc
PHP	3	4	525	ἡ	G35880	the	pnc
PHP	3	4	526	χρηστότης	G55440	kindness	pnc
PHP	3	4	527	καὶ	G25320	and	pnc
PHP	3	4	528	ἡ	G35880	the	pnc
PHP	3	4	529	φιλανθρωπία	G53630	love-for-mankind	pnc
PHP	3	4	530	τοῦ	G35880	vvv	pnc
PHP	3	4	531	Σωτῆρος	G49900	of	pnc
PHP	3	4	532	Θεοῦ	G23160	God	pnc
PHP	3	4	533	ἡμῶν	G14730	our	pnc
PHP	3	4	534	τοῦ	G35880	vvv	pnc
PHP	3	4	535	Σωτῆρος	G49900	Savior	pnc
PHP	3	4	536	ἐπεφάνη	G20140	appeared	pnc
PHP	3	5	537	οὐκ	G37560	it-was-}-not	pnc
PHP	3	5	538	ἐξ	G15370	by	pnc
PHP	3	5	539	ἔργων	G20410	works	pnc
PHP	3	5	540	τῶν	G35880	vvv	pnc
PHP	3	5	541	ἐν	G17220	vvv	pnc
PHP	3	5	542	δικαιοσύνῃ	G13430	of-righteousness	pnc
PHP	3	5	543	ἃ	G37390	that	pnc
PHP	3	5	544	ἡμεῖς	G14730	we	pnc
PHP	3	5	545	ἐποιήσαμεν	G41600	did	pnc
PHP	3	5	546	ἀλλὰ	G02350	but	pnc
PHP	3	5	547	κατὰ	G25960	by	pnc
PHP	3	5	548	αὐτοῦ	G08460	his	pnc
PHP	3	5	549	τὸ	G35880	vvv	pnc
PHP	3	5	550	ἔλεος	G16560	mercy	pnc
PHP	3	5	551	ἔσωσεν	G49820	that-he-saved	pnc
PHP	3	5	552	ἡμᾶς	G14730	us	pnc
PHP	3	5	553	διὰ	G12230	through	pnc
PHP	3	5	554	λουτροῦ	G30670	the-washing	pnc
PHP	3	5	555	παλινγενεσίας	G38240	of-new-birth	pnc
PHP	3	5	556	καὶ	G25320	and	pnc
PHP	3	5	557	ἀνακαινώσεως	G03420	renewal	pnc
PHP	3	5	558	Πνεύματος	G41510	by-the	pnc
PHP	3	5	559	Ἁγίου	G00400	Holy	pnc
PHP	3	5	560	Πνεύματος	G41510	Spirit	pnc
PHP	3	6	561	οὗ	G37390	whom	pnc
PHP	3	6	562	ἐξέχεεν	G16320	he	pnc
PHP	3	6	563	πλουσίως	G41460	richly	pnc
PHP	3	6	564	ἐξέχεεν	G16320	poured	pnc
PHP	3	6	565	ἐφ’	G19090	on	pnc
PHP	3	6	566	ἡμᾶς	G14730	us	pnc
PHP	3	6	567	διὰ	G12230	through	pnc
PHP	3	6	568	ἡμῶν	G14730	our	pnc
PHP	3	6	569	τοῦ	G35880	vvv	pnc
PHP	3	6	570	Σωτῆρος	G49900	Savior	pnc
PHP	3	6	571	Ἰησοῦ	G24240	Jesus	pnc
PHP	3	6	572	Χριστοῦ	G55470	Christ	pnc
PHP	3	7	573	ἵνα	G24430	so-that	pnc
PHP	3	7	574	δικαιωθέντες	G13440	having-been-justified	pnc
PHP	3	7	575	τῇ	G35880	vvv	pnc
PHP	3	7	576	χάριτι	G54850	by-the-grace	pnc
PHP	3	7	577	ἐκείνου	G15650	of-that-one	pnc
PHP	3	7	578	γενηθῶμεν	G10960	we-might-become	pnc
PHP	3	7	579	κληρονόμοι	G28180	heirs	pnc
PHP	3	7	580	κατ’	G25960	according-to	pnc
PHP	3	7	581	ἐλπίδα	G16800	certain-hope	pnc
PHP	3	7	582	ζωῆς	G22220	of	pnc
PHP	3	7	583	αἰωνίου	G01660	eternal	pnc
PHP	3	7	584	ζωῆς	G22220	life	pnc
PHP	3	8	585	ὁ	G35880	This	pnc
PHP	3	8	586	λόγος	G30560	message	pnc
PHP	3	8	587	πιστὸς	G41030	is-}-trustworthy	pnc
PHP	3	8	588	καὶ	G25320	and	pnc
PHP	3	8	589	βούλομαί	G10140	I-want	pnc
PHP	3	8	590	σε	G47710	you	pnc
PHP	3	8	591	διαβεβαιοῦσθαι	G12260	to-insist	pnc
PHP	3	8	592	περὶ	G40120	on	pnc
PHP	3	8	593	τούτων	G37780	these-things	pnc
PHP	3	8	594	ἵνα	G24430	so-that	pnc
PHP	3	8	595	οἱ	G35880	the-ones	pnc
PHP	3	8	596	πεπιστευκότες	G41000	having-believed	pnc
PHP	3	8	597	Θεῷ	G23160	God	pnc
PHP	3	8	598	φροντίζωσιν	G54310	may-be-careful	pnc
PHP	3	8	599	προΐστασθαι	G42910	to-engage-themselves	pnc
PHP	3	8	600	ἔργων	G20410	in	pnc
PHP	3	8	601	καλῶν	G25700	good	pnc
PHP	3	8	602	ἔργων	G20410	works	pnc
PHP	3	8	603	ταῦτά	G37780	These-things	pnc
PHP	3	8	604	ἐστιν	G15100	are	pnc
PHP	3	8	605	καλὰ	G25700	good	pnc
PHP	3	8	606	καὶ	G25320	and	pnc
PHP	3	8	607	ὠφέλιμα	G56240	useful	pnc
PHP	3	8	608	τοῖς	G35880	vvv	pnc
PHP	3	8	609	ἀνθρώποις	G04440	for-men	pnc
PHP	3	9	610	δὲ	G11610	But	pnc
PHP	3	9	611	περιΐστασο	G40260	avoid	pnc
PHP	3	9	612	μωρὰς	G34740	foolish	pnc
PHP	3	9	613	ζητήσεις	G22140	debates	pnc
PHP	3	9	614	καὶ	G25320	and	pnc
PHP	3	9	615	γενεαλογίας	G10760	genealogies	pnc
PHP	3	9	616	καὶ	G25320	and	pnc
PHP	3	9	617	ἔρεις	G20540	strife	pnc
PHP	3	9	618	καὶ	G25320	and	pnc
PHP	3	9	619	μάχας	G31630	conflict	pnc
PHP	3	9	620	νομικὰς	G35440	about-the-law	pnc
PHP	3	9	621	γὰρ	G10630	because	pnc
PHP	3	9	622	εἰσὶν	G15100	they-are	pnc
PHP	3	9	623	ἀνωφελεῖς	G05120	unprofitable	pnc
PHP	3	9	624	καὶ	G25320	and	pnc
PHP	3	9	625	μάταιοι	G31520	worthless	pnc
PHP	3	10	626	παραιτοῦ	G38680	Reject	pnc
PHP	3	10	627	ἄνθρωπον	G04440	a	pnc
PHP	3	10	628	αἱρετικὸν	G01410	divisive	pnc
PHP	3	10	629	ἄνθρωπον	G04440	person	pnc
PHP	3	10	630	μετὰ	G33260	after	pnc
PHP	3	10	631	μίαν	G15200	one	pnc
PHP	3	10	632	καὶ	G25320	or	pnc
PHP	3	10	633	δευτέραν	G12080	two	pnc
PHP	3	10	634	νουθεσίαν	G35590	warnings	pnc
PHP	3	11	635	εἰδὼς	G14920	knowing	pnc
PHP	3	11	636	ὅτι	G37540	that	pnc
PHP	3	11	637	ὁ	G35880	vvv	pnc
PHP	3	11	638	τοιοῦτος	G51080	such-a-one	pnc
PHP	3	11	639	ἐξέστραπται	G16120	has-turned-from-the-right-way	pnc
PHP	3	11	640	καὶ	G25320	and	pnc
PHP	3	11	641	ἁμαρτάνει	G02640	is-sinning	pnc
PHP	3	11	642	ὢν	G15100	being	pnc
PHP	3	11	643	αὐτοκατάκριτος	G08430	self---condemned	pnc
PHP	3	12	644	ὅταν	G37520	When	pnc
PHP	3	12	645	πέμψω	G39920	I-send	pnc
PHP	3	12	646	Ἀρτεμᾶν	G07340	Artemas	pnc
PHP	3	12	647	ἢ	G22280	or	pnc
PHP	3	12	648	Τυχικόν	G51900	Tychicus	pnc
PHP	3	12	649	πρὸς	G43140	to	pnc
PHP	3	12	650	σὲ	G47710	you	pnc
PHP	3	12	651	σπούδασον	G47040	hurry	pnc
PHP	3	12	652	ἐλθεῖν	G20640	to-come	pnc
PHP	3	12	653	πρός	G43140	to	pnc
PHP	3	12	654	με	G14730	me	pnc
PHP	3	12	655	εἰς	G15190	at	pnc
PHP	3	12	656	Νικόπολιν	G35330	Nicopolis	pnc
PHP	3	12	657	γὰρ	G10630	because	pnc
PHP	3	12	658	κέκρικα	G29190	I-have-decided	pnc
PHP	3	12	659	παραχειμάσαι	G39140	to-spend-the-winter	pnc
PHP	3	12	660	ἐκεῖ	G15630	there	pnc
PHP	3	13	661	σπουδαίως	G47090	Diligently	pnc
PHP	3	13	662	πρόπεμψον	G43110	send-on-their-way	pnc
PHP	3	13	663	Ζηνᾶν	G22110	Zenas	pnc
PHP	3	13	664	τὸν	G35880	the	pnc
PHP	3	13	665	νομικὸν	G35440	lawyer	pnc
PHP	3	13	666	καὶ	G25320	and	pnc
PHP	3	13	667	Ἀπολλῶν	G06250	Apollos	pnc
PHP	3	13	668	ἵνα	G24430	so-that	pnc
PHP	3	13	669	αὐτοῖς	G08460	they	pnc
PHP	3	13	670	λείπῃ	G30070	lack	pnc
PHP	3	13	671	μηδὲν	G33670	nothing	pnc
PHP	3	14	672	δὲ	G11610	And	pnc
PHP	3	14	673	καὶ	G25320	also	pnc
PHP	3	14	674	οἱ	G35880	vvv	pnc
PHP	3	14	675	ἡμέτεροι	G22510	our-own	pnc
PHP	3	14	676	μανθανέτωσαν	G31290	must-learn	pnc
PHP	3	14	677	προΐστασθαι	G42910	to-engage-themselves	pnc
PHP	3	14	678	ἔργων	G20410	in	pnc
PHP	3	14	679	καλῶν	G25700	good	pnc
PHP	3	14	680	ἔργων	G20410	works	pnc
PHP	3	14	681	εἰς	G15190	toward	pnc
PHP	3	14	682	τὰς	G35880	vvv	pnc
PHP	3	14	683	ἀναγκαίας	G03160	essential	pnc
PHP	3	14	684	χρείας	G55320	needs	pnc
PHP	3	14	685	ἵνα	G24430	in-order	pnc
PHP	3	14	686	μὴ	G33610	not	pnc
PHP	3	14	687	ὦσιν	G15100	to-be	pnc
PHP	3	14	688	ἄκαρποι	G01750	unfruitful	pnc
PHP	3	15	689	πάντες	G39560	All	pnc
PHP	3	15	690	οἱ	G35880	those	pnc
PHP	3	15	691	μετ’	G33260	with	pnc
PHP	3	15	692	ἐμοῦ	G14730	me	pnc
PHP	3	15	693	ἀσπάζονταί	G07820	greet	pnc
PHP	3	15	694	σε	G47710	you	pnc
PHP	3	15	695	ἄσπασαι	G07820	Greet	pnc
PHP	3	15	696	τοὺς	G35880	the-ones	pnc
PHP	3	15	697	φιλοῦντας	G53680	loving	pnc
PHP	3	15	698	ἡμᾶς	G14730	us	pnc
PHP	3	15	699	ἐν	G17220	in	pnc
PHP	3	15	700	πίστει	G41020	faith	pnc
PHP	3	15	701	ἡ	G35880	vvv	pnc
PHP	3	15	702	χάρις	G54850	Grace	pnc
PHP	3	15	703	μετὰ	G33260	be-}-with	pnc
PHP	3	15	704	πάντων	G39560	all	pnc
PHP	3	15	705	ὑμῶν	G47710	of-you	pnc
